Feature,Importance
Total_Orders,0.4487245901501536
Total_Quantity,0.2642293738527712
Avg_Order_Value,0.15737200615461594
Active_Days,0.06828414723770697
Recency_Days,0.034009664789872406
Tenure_Months,0.016747286396642268
Gender_M,0.0025774601434160236
Location_Chicago,0.0023346838308111557
Location_Washington DC,0.0020566206523425345
Location_New Jersey,0.001869970099735898
Location_New York,0.0017941966919320903
